{
  "method": "af-unix",
  "child_ready": true,
  "config": {
    "message_count": 1000,
    "message_size": 1024,
    "warmup_count": 100,
    "trials": 3,
    "output_format": "json",
    "role": "parent"
  },
  "trials": [
    {
      "trial_index": 1,
      "total_micros": 12475.100000000002,
      "average_micros": 12.475100000000003,
      "min_micros": 9.36,
      "max_micros": 36.160000000000004,
      "stddev_micros": 3.330949863027061,
      "message_rate": 80159.67807873282
    },
    {
      "trial_index": 2,
      "total_micros": 11587.999999999998,
      "average_micros": 11.587999999999997,
      "min_micros": 9.370000000000001,
      "max_micros": 29.080000000000002,
      "stddev_micros": 2.4249894845132833,
      "message_rate": 86296.16845012084
    },
    {
      "trial_index": 3,
      "total_micros": 11228.199999999993,
      "average_micros": 11.228199999999994,
      "min_micros": 9.52,
      "max_micros": 28.4,
      "stddev_micros": 2.012922442619188,
      "message_rate": 89061.47022675055
    }
  ],
  "summary": {
    "total_micros": 35291.29999999999,
    "average_micros": 11.763766666666664,
    "min_micros": 9.36,
    "max_micros": 36.160000000000004,
    "stddev_micros": 2.698850275992024,
    "message_rate": 85006.78637511231
  }
}
