{
  "method": "af-unix",
  "child_ready": true,
  "config": {
    "message_count": 1000,
    "message_size": 16384,
    "warmup_count": 100,
    "trials": 3,
    "output_format": "json",
    "role": "parent"
  },
  "trials": [
    {
      "trial_index": 1,
      "total_micros": 14279.200000000006,
      "average_micros": 14.279200000000007,
      "min_micros": 12.469999999999999,
      "max_micros": 28.909999999999997,
      "stddev_micros": 2.186528609462953,
      "message_rate": 70031.93456216031
    },
    {
      "trial_index": 2,
      "total_micros": 14208.1,
      "average_micros": 14.2081,
      "min_micros": 12.27,
      "max_micros": 28.72,
      "stddev_micros": 2.1398124660820157,
      "message_rate": 70382.38751134917
    },
    {
      "trial_index": 3,
      "total_micros": 14106.5,
      "average_micros": 14.1065,
      "min_micros": 12.28,
      "max_micros": 35.839999999999996,
      "stddev_micros": 2.5716260906282615,
      "message_rate": 70889.30634813738
    }
  ],
  "summary": {
    "total_micros": 42593.8,
    "average_micros": 14.197933333333335,
    "min_micros": 12.27,
    "max_micros": 35.839999999999996,
    "stddev_micros": 2.3085372848528034,
    "message_rate": 70432.78599232752
  }
}
