{
  "method": "alpc",
  "child_ready": true,
  "config": {
    "message_count": 1000,
    "message_size": 4096,
    "warmup_count": 100,
    "trials": 3,
    "output_format": "json",
    "role": "parent"
  },
  "trials": [
    {
      "trial_index": 1,
      "total_micros": 6823.199999999998,
      "average_micros": 6.823199999999998,
      "min_micros": 5.140000000000001,
      "max_micros": 15.169999999999998,
      "stddev_micros": 1.5634307659759041,
      "message_rate": 146558.79939031543
    },
    {
      "trial_index": 2,
      "total_micros": 6608.399999999999,
      "average_micros": 6.608399999999999,
      "min_micros": 5.1899999999999995,
      "max_micros": 10.110000000000001,
      "stddev_micros": 0.7768702851827968,
      "message_rate": 151322.55916712066
    },
    {
      "trial_index": 3,
      "total_micros": 6523.499999999998,
      "average_micros": 6.5234999999999985,
      "min_micros": 5.18,
      "max_micros": 13.420000000000002,
      "stddev_micros": 1.2798752868932193,
      "message_rate": 153291.94450831614
    }
  ],
  "summary": {
    "total_micros": 19955.099999999995,
    "average_micros": 6.651699999999998,
    "min_micros": 5.140000000000001,
    "max_micros": 15.169999999999998,
    "stddev_micros": 1.256137775086794,
    "message_rate": 150337.5077047973
  }
}
