{
  "method": "alpc",
  "child_ready": true,
  "config": {
    "message_count": 1000,
    "message_size": 32704,
    "warmup_count": 100,
    "trials": 3,
    "output_format": "json",
    "role": "parent"
  },
  "trials": [
    {
      "trial_index": 1,
      "total_micros": 15311.700000000003,
      "average_micros": 15.311700000000002,
      "min_micros": 13.479999999999999,
      "max_micros": 34.11,
      "stddev_micros": 3.0686550979215634,
      "message_rate": 65309.53453894733
    },
    {
      "trial_index": 2,
      "total_micros": 15066.199999999999,
      "average_micros": 15.066199999999998,
      "min_micros": 13.5,
      "max_micros": 31.320000000000004,
      "stddev_micros": 2.643689762434314,
      "message_rate": 66373.73723964902
    },
    {
      "trial_index": 3,
      "total_micros": 15386.900000000001,
      "average_micros": 15.3869,
      "min_micros": 13.439999999999998,
      "max_micros": 36.68,
      "stddev_micros": 3.519179931461304,
      "message_rate": 64990.34893318341
    }
  ],
  "summary": {
    "total_micros": 45764.8,
    "average_micros": 15.254933333333334,
    "min_micros": 13.439999999999998,
    "max_micros": 36.68,
    "stddev_micros": 3.100893687668479,
    "message_rate": 65552.56441631996
  }
}
