{
  "method": "anon-pipe",
  "child_ready": false,
  "config": {
    "message_count": 1000,
    "message_size": 4096,
    "warmup_count": 100,
    "trials": 3,
    "output_format": "json",
    "role": "parent"
  },
  "trials": [
    {
      "trial_index": 1,
      "total_micros": 15474.499999999996,
      "average_micros": 15.474499999999995,
      "min_micros": 13.38,
      "max_micros": 29.389999999999997,
      "stddev_micros": 2.3516676529645935,
      "message_rate": 64622.44337458401
    },
    {
      "trial_index": 2,
      "total_micros": 15390.299999999996,
      "average_micros": 15.390299999999996,
      "min_micros": 13.27,
      "max_micros": 29.809999999999995,
      "stddev_micros": 2.092644477688458,
      "message_rate": 64975.991371188364
    },
    {
      "trial_index": 3,
      "total_micros": 15293.0,
      "average_micros": 15.293,
      "min_micros": 13.190000000000001,
      "max_micros": 25.759999999999998,
      "stddev_micros": 1.8611746290985165,
      "message_rate": 65389.393840319106
    }
  ],
  "summary": {
    "total_micros": 46157.79999999999,
    "average_micros": 15.385933333333329,
    "min_micros": 13.190000000000001,
    "max_micros": 29.809999999999995,
    "stddev_micros": 2.112658071929504,
    "message_rate": 64994.43214364638
  }
}
