{
  "method": "anon-pipe",
  "child_ready": false,
  "config": {
    "message_count": 1000,
    "message_size": 64,
    "warmup_count": 100,
    "trials": 3,
    "output_format": "json",
    "role": "parent"
  },
  "trials": [
    {
      "trial_index": 1,
      "total_micros": 13985.7,
      "average_micros": 13.985700000000001,
      "min_micros": 11.72,
      "max_micros": 29.57,
      "stddev_micros": 3.2417699656206325,
      "message_rate": 71501.605211037
    },
    {
      "trial_index": 2,
      "total_micros": 15271.099999999999,
      "average_micros": 15.271099999999999,
      "min_micros": 11.67,
      "max_micros": 39.730000000000004,
      "stddev_micros": 4.774093399798543,
      "message_rate": 65483.16755178082
    },
    {
      "trial_index": 3,
      "total_micros": 14116.799999999992,
      "average_micros": 14.116799999999992,
      "min_micros": 11.82,
      "max_micros": 28.830000000000002,
      "stddev_micros": 3.1408874160020446,
      "message_rate": 70837.58358834867
    }
  ],
  "summary": {
    "total_micros": 43373.59999999999,
    "average_micros": 14.457866666666664,
    "min_micros": 11.67,
    "max_micros": 39.730000000000004,
    "stddev_micros": 3.8369619208720627,
    "message_rate": 69166.4975930059
  }
}
