{
  "method": "copy-roundtrip",
  "child_ready": false,
  "config": {
    "message_count": 1000,
    "message_size": 16384,
    "warmup_count": 100,
    "trials": 3,
    "output_format": "json",
    "role": "parent"
  },
  "trials": [
    {
      "trial_index": 1,
      "total_micros": 1551.4999999999989,
      "average_micros": 1.5514999999999988,
      "min_micros": 1.3599999999999999,
      "max_micros": 3.04,
      "stddev_micros": 0.330376678959033,
      "message_rate": 644537.5443119566
    },
    {
      "trial_index": 2,
      "total_micros": 1356.8999999999996,
      "average_micros": 1.3568999999999996,
      "min_micros": 1.3,
      "max_micros": 2.3,
      "stddev_micros": 0.1668154369355546,
      "message_rate": 736973.9848183361
    },
    {
      "trial_index": 3,
      "total_micros": 1312.0000000000007,
      "average_micros": 1.3120000000000007,
      "min_micros": 1.1800000000000002,
      "max_micros": 1.85,
      "stddev_micros": 0.14531345429794176,
      "message_rate": 762195.1219512192
    }
  ],
  "summary": {
    "total_micros": 4220.4,
    "average_micros": 1.4067999999999998,
    "min_micros": 1.1800000000000002,
    "max_micros": 3.04,
    "stddev_micros": 0.2519968782875425,
    "message_rate": 710833.0963889678
  }
}
