{
  "method": "copy-roundtrip",
  "child_ready": false,
  "config": {
    "message_count": 1000,
    "message_size": 4096,
    "warmup_count": 100,
    "trials": 3,
    "output_format": "json",
    "role": "parent"
  },
  "trials": [
    {
      "trial_index": 1,
      "total_micros": 145.10000000000014,
      "average_micros": 0.14510000000000015,
      "min_micros": 0.13999999999999999,
      "max_micros": 0.15999999999999998,
      "stddev_micros": 0.005195190083144221,
      "message_rate": 6891798.7594762165
    },
    {
      "trial_index": 2,
      "total_micros": 144.00000000000017,
      "average_micros": 0.14400000000000018,
      "min_micros": 0.13999999999999999,
      "max_micros": 0.15,
      "stddev_micros": 0.004898979485566358,
      "message_rate": 6944444.444444437
    },
    {
      "trial_index": 3,
      "total_micros": 144.40000000000015,
      "average_micros": 0.14440000000000014,
      "min_micros": 0.13999999999999999,
      "max_micros": 0.15,
      "stddev_micros": 0.004963869458396344,
      "message_rate": 6925207.75623268
    }
  ],
  "summary": {
    "total_micros": 433.50000000000045,
    "average_micros": 0.14450000000000016,
    "min_micros": 0.13999999999999999,
    "max_micros": 0.15999999999999998,
    "stddev_micros": 0.0050414944874180604,
    "message_rate": 6920415.224913487
  }
}
