{
  "method": "copy-roundtrip",
  "child_ready": false,
  "config": {
    "message_count": 1000,
    "message_size": 64,
    "warmup_count": 100,
    "trials": 3,
    "output_format": "json",
    "role": "parent"
  },
  "trials": [
    {
      "trial_index": 1,
      "total_micros": 21.89999999999998,
      "average_micros": 0.021899999999999982,
      "min_micros": 0.019999999999999997,
      "max_micros": 0.03,
      "stddev_micros": 0.003923009049186606,
      "message_rate": 45662100.45662104
    },
    {
      "trial_index": 2,
      "total_micros": 22.49999999999998,
      "average_micros": 0.02249999999999998,
      "min_micros": 0.019999999999999997,
      "max_micros": 0.03,
      "stddev_micros": 0.004330127018922195,
      "message_rate": 44444444.444444485
    },
    {
      "trial_index": 3,
      "total_micros": 20.899999999999974,
      "average_micros": 0.020899999999999974,
      "min_micros": 0.019999999999999997,
      "max_micros": 0.03,
      "stddev_micros": 0.002861817604250836,
      "message_rate": 47846889.952153176
    }
  ],
  "summary": {
    "total_micros": 65.29999999999994,
    "average_micros": 0.021766666666666646,
    "min_micros": 0.019999999999999997,
    "max_micros": 0.03,
    "stddev_micros": 0.003813863599495341,
    "message_rate": 45941807.04441046
  }
}
