{
  "method": "copy-roundtrip",
  "child_ready": false,
  "config": {
    "message_count": 1000,
    "message_size": 1024,
    "warmup_count": 100,
    "trials": 3,
    "output_format": "json",
    "role": "parent"
  },
  "trials": [
    {
      "trial_index": 1,
      "total_micros": 47.99999999999998,
      "average_micros": 0.04799999999999998,
      "min_micros": 0.039999999999999994,
      "max_micros": 0.15999999999999998,
      "stddev_micros": 0.012165525060596443,
      "message_rate": 20833333.333333343
    },
    {
      "trial_index": 2,
      "total_micros": 61.40000000000006,
      "average_micros": 0.061400000000000066,
      "min_micros": 0.039999999999999994,
      "max_micros": 0.07999999999999999,
      "stddev_micros": 0.010394229168149029,
      "message_rate": 16286644.95114005
    },
    {
      "trial_index": 3,
      "total_micros": 49.39999999999994,
      "average_micros": 0.049399999999999944,
      "min_micros": 0.039999999999999994,
      "max_micros": 0.07999999999999999,
      "stddev_micros": 0.01075360404701605,
      "message_rate": 20242914.979757108
    }
  ],
  "summary": {
    "total_micros": 158.79999999999998,
    "average_micros": 0.052933333333333325,
    "min_micros": 0.039999999999999994,
    "max_micros": 0.15999999999999998,
    "stddev_micros": 0.01265156995088842,
    "message_rate": 18891687.65743073
  }
}
