{
  "method": "mailslot",
  "child_ready": true,
  "config": {
    "message_count": 1000,
    "message_size": 1024,
    "warmup_count": 100,
    "trials": 3,
    "output_format": "json",
    "role": "parent"
  },
  "trials": [
    {
      "trial_index": 1,
      "total_micros": 9410.2,
      "average_micros": 9.410200000000001,
      "min_micros": 8.129999999999999,
      "max_micros": 17.2,
      "stddev_micros": 1.364803267874165,
      "message_rate": 106267.66699963868
    },
    {
      "trial_index": 2,
      "total_micros": 9782.5,
      "average_micros": 9.7825,
      "min_micros": 8.14,
      "max_micros": 15.16,
      "stddev_micros": 1.3807348586893864,
      "message_rate": 102223.35803731153
    },
    {
      "trial_index": 3,
      "total_micros": 10465.099999999995,
      "average_micros": 10.465099999999994,
      "min_micros": 8.34,
      "max_micros": 17.34,
      "stddev_micros": 1.3032509313251996,
      "message_rate": 95555.70419776214
    }
  ],
  "summary": {
    "total_micros": 29657.799999999996,
    "average_micros": 9.885933333333332,
    "min_micros": 8.129999999999999,
    "max_micros": 17.34,
    "stddev_micros": 1.4189238159801085,
    "message_rate": 101153.82799803089
  }
}
