{
  "method": "mailslot",
  "child_ready": true,
  "config": {
    "message_count": 1000,
    "message_size": 64,
    "warmup_count": 100,
    "trials": 3,
    "output_format": "json",
    "role": "parent"
  },
  "trials": [
    {
      "trial_index": 1,
      "total_micros": 10328.200000000003,
      "average_micros": 10.328200000000002,
      "min_micros": 8.02,
      "max_micros": 19.369999999999997,
      "stddev_micros": 1.9512213508466947,
      "message_rate": 96822.292364594
    },
    {
      "trial_index": 2,
      "total_micros": 9769.6,
      "average_micros": 9.7696,
      "min_micros": 8.16,
      "max_micros": 16.619999999999997,
      "stddev_micros": 1.363195451870347,
      "message_rate": 102358.33606288896
    },
    {
      "trial_index": 3,
      "total_micros": 9576.400000000003,
      "average_micros": 9.576400000000003,
      "min_micros": 8.27,
      "max_micros": 17.43,
      "stddev_micros": 1.3711218180745282,
      "message_rate": 104423.37412806478
    }
  ],
  "summary": {
    "total_micros": 29674.200000000004,
    "average_micros": 9.8914,
    "min_micros": 8.02,
    "max_micros": 19.369999999999997,
    "stddev_micros": 1.6176522205550445,
    "message_rate": 101097.92344865235
  }
}
