{
  "method": "named-pipe-overlapped",
  "child_ready": true,
  "config": {
    "message_count": 1000,
    "message_size": 16384,
    "warmup_count": 100,
    "trials": 3,
    "output_format": "json",
    "role": "parent"
  },
  "trials": [
    {
      "trial_index": 1,
      "total_micros": 13234.899999999992,
      "average_micros": 13.234899999999993,
      "min_micros": 11.940000000000001,
      "max_micros": 36.13,
      "stddev_micros": 2.670072094532281,
      "message_rate": 75557.80549909713
    },
    {
      "trial_index": 2,
      "total_micros": 12499.299999999996,
      "average_micros": 12.499299999999996,
      "min_micros": 11.870000000000001,
      "max_micros": 15.63,
      "stddev_micros": 0.8163703265062978,
      "message_rate": 80004.48025089408
    },
    {
      "trial_index": 3,
      "total_micros": 12870.100000000002,
      "average_micros": 12.870100000000003,
      "min_micros": 11.85,
      "max_micros": 27.76,
      "stddev_micros": 1.8507136434359592,
      "message_rate": 77699.47397456117
    }
  ],
  "summary": {
    "total_micros": 38604.29999999999,
    "average_micros": 12.868099999999997,
    "min_micros": 11.85,
    "max_micros": 36.13,
    "stddev_micros": 1.9571617349280737,
    "message_rate": 77711.55026771632
  }
}
