{
  "method": "named-pipe-message-sync",
  "child_ready": true,
  "config": {
    "message_count": 1000,
    "message_size": 1024,
    "warmup_count": 100,
    "trials": 3,
    "output_format": "json",
    "role": "parent"
  },
  "trials": [
    {
      "trial_index": 1,
      "total_micros": 10737.899999999994,
      "average_micros": 10.737899999999994,
      "min_micros": 8.95,
      "max_micros": 22.23,
      "stddev_micros": 1.9856798810483025,
      "message_rate": 93128.07904711354
    },
    {
      "trial_index": 2,
      "total_micros": 10149.800000000001,
      "average_micros": 10.1498,
      "min_micros": 8.739999999999998,
      "max_micros": 18.9,
      "stddev_micros": 1.3130095049160915,
      "message_rate": 98524.10884943545
    },
    {
      "trial_index": 3,
      "total_micros": 10367.400000000001,
      "average_micros": 10.367400000000002,
      "min_micros": 8.64,
      "max_micros": 14.520000000000001,
      "stddev_micros": 0.9134709847608733,
      "message_rate": 96456.19923992513
    }
  ],
  "summary": {
    "total_micros": 31255.1,
    "average_micros": 10.418366666666666,
    "min_micros": 8.64,
    "max_micros": 22.23,
    "stddev_micros": 1.491998100609455,
    "message_rate": 95984.33535646982
  }
}
