{
  "method": "named-pipe-overlapped",
  "child_ready": true,
  "config": {
    "message_count": 1000,
    "message_size": 4096,
    "warmup_count": 100,
    "trials": 3,
    "output_format": "json",
    "role": "parent"
  },
  "trials": [
    {
      "trial_index": 1,
      "total_micros": 12554.399999999998,
      "average_micros": 12.554399999999998,
      "min_micros": 10.99,
      "max_micros": 27.65,
      "stddev_micros": 2.161296518296367,
      "message_rate": 79653.34862677628
    },
    {
      "trial_index": 2,
      "total_micros": 12568.100000000006,
      "average_micros": 12.568100000000006,
      "min_micros": 10.870000000000001,
      "max_micros": 20.15,
      "stddev_micros": 1.3017946804315954,
      "message_rate": 79566.5215903756
    },
    {
      "trial_index": 3,
      "total_micros": 12826.699999999999,
      "average_micros": 12.826699999999999,
      "min_micros": 10.4,
      "max_micros": 51.82000000000001,
      "stddev_micros": 4.755186443242787,
      "message_rate": 77962.3753576524
    }
  ],
  "summary": {
    "total_micros": 37949.200000000004,
    "average_micros": 12.649733333333335,
    "min_micros": 10.4,
    "max_micros": 51.82000000000001,
    "stddev_micros": 3.110452260077659,
    "message_rate": 79053.04986666385
  }
}
