{
  "method": "named-pipe-overlapped",
  "child_ready": true,
  "config": {
    "message_count": 1000,
    "message_size": 64,
    "warmup_count": 100,
    "trials": 3,
    "output_format": "json",
    "role": "parent"
  },
  "trials": [
    {
      "trial_index": 1,
      "total_micros": 11483.299999999997,
      "average_micros": 11.483299999999998,
      "min_micros": 9.129999999999999,
      "max_micros": 24.630000000000003,
      "stddev_micros": 2.2143066883338447,
      "message_rate": 87082.98137295031
    },
    {
      "trial_index": 2,
      "total_micros": 10543.700000000004,
      "average_micros": 10.543700000000005,
      "min_micros": 9.110000000000001,
      "max_micros": 22.7,
      "stddev_micros": 1.9315893222939502,
      "message_rate": 94843.36618075245
    },
    {
      "trial_index": 3,
      "total_micros": 9788.600000000002,
      "average_micros": 9.788600000000002,
      "min_micros": 9.040000000000001,
      "max_micros": 16.35,
      "stddev_micros": 1.1238914716288224,
      "message_rate": 102159.65510900434
    }
  ],
  "summary": {
    "total_micros": 31815.600000000002,
    "average_micros": 10.6052,
    "min_micros": 9.040000000000001,
    "max_micros": 24.630000000000003,
    "stddev_micros": 1.9441365589896193,
    "message_rate": 94293.3655188021
  }
}
