{
  "method": "named-pipe-byte-sync",
  "child_ready": true,
  "config": {
    "message_count": 1000,
    "message_size": 16384,
    "warmup_count": 100,
    "trials": 3,
    "output_format": "json",
    "role": "parent"
  },
  "trials": [
    {
      "trial_index": 1,
      "total_micros": 12806.9,
      "average_micros": 12.806899999999999,
      "min_micros": 10.9,
      "max_micros": 24.580000000000002,
      "stddev_micros": 2.5876463031102226,
      "message_rate": 78082.90843217328
    },
    {
      "trial_index": 2,
      "total_micros": 12669.700000000003,
      "average_micros": 12.669700000000002,
      "min_micros": 11.09,
      "max_micros": 19.34,
      "stddev_micros": 1.4942519566659433,
      "message_rate": 78928.46713023985
    },
    {
      "trial_index": 3,
      "total_micros": 13431.6,
      "average_micros": 13.4316,
      "min_micros": 11.95,
      "max_micros": 33.540000000000006,
      "stddev_micros": 2.40784456308957,
      "message_rate": 74451.29396348908
    }
  ],
  "summary": {
    "total_micros": 38908.200000000004,
    "average_micros": 12.969400000000002,
    "min_micros": 10.9,
    "max_micros": 33.540000000000006,
    "stddev_micros": 2.240258386883085,
    "message_rate": 77104.56921677178
  }
}
