{
  "method": "named-pipe-overlapped",
  "child_ready": true,
  "config": {
    "message_count": 1000,
    "message_size": 32704,
    "warmup_count": 100,
    "trials": 3,
    "output_format": "json",
    "role": "parent"
  },
  "trials": [
    {
      "trial_index": 1,
      "total_micros": 16554.299999999992,
      "average_micros": 16.55429999999999,
      "min_micros": 15.190000000000001,
      "max_micros": 32.43,
      "stddev_micros": 2.4890436938712033,
      "message_rate": 60407.265785928765
    },
    {
      "trial_index": 2,
      "total_micros": 16539.3,
      "average_micros": 16.5393,
      "min_micros": 15.190000000000001,
      "max_micros": 30.57,
      "stddev_micros": 2.2402353693306427,
      "message_rate": 60462.05099369381
    },
    {
      "trial_index": 3,
      "total_micros": 16447.899999999998,
      "average_micros": 16.447899999999997,
      "min_micros": 14.940000000000001,
      "max_micros": 35.43,
      "stddev_micros": 2.4124337483131013,
      "message_rate": 60798.035007508566
    }
  ],
  "summary": {
    "total_micros": 49541.499999999985,
    "average_micros": 16.513833333333327,
    "min_micros": 14.940000000000001,
    "max_micros": 35.43,
    "stddev_micros": 2.383307429929164,
    "message_rate": 60555.29202789582
  }
}
