{
  "method": "py-multiprocessing-pipe",
  "child_ready": true,
  "config": {
    "message_count": 1000,
    "message_size": 16384,
    "warmup_count": 100,
    "trials": 3,
    "output_format": "json",
    "role": "parent"
  },
  "trials": [
    {
      "trial_index": 1,
      "total_micros": 34103.4,
      "average_micros": 34.1034,
      "min_micros": 28.339999999999996,
      "max_micros": 52.29,
      "stddev_micros": 5.317899250643999,
      "message_rate": 29322.58953652715
    },
    {
      "trial_index": 2,
      "total_micros": 34354.9,
      "average_micros": 34.3549,
      "min_micros": 27.74,
      "max_micros": 62.19,
      "stddev_micros": 5.888462871582022,
      "message_rate": 29107.929291018165
    },
    {
      "trial_index": 3,
      "total_micros": 36377.7,
      "average_micros": 36.3777,
      "min_micros": 28.35,
      "max_micros": 93.76,
      "stddev_micros": 10.05920969609442,
      "message_rate": 27489.368486737756
    }
  ],
  "summary": {
    "total_micros": 104836.0,
    "average_micros": 34.94533333333333,
    "min_micros": 27.74,
    "max_micros": 93.76,
    "stddev_micros": 7.466612008728516,
    "message_rate": 28616.124232134
  }
}
