{
  "method": "py-multiprocessing-pipe",
  "child_ready": true,
  "config": {
    "message_count": 1000,
    "message_size": 1024,
    "warmup_count": 100,
    "trials": 3,
    "output_format": "json",
    "role": "parent"
  },
  "trials": [
    {
      "trial_index": 1,
      "total_micros": 28786.7,
      "average_micros": 28.7867,
      "min_micros": 23.59,
      "max_micros": 49.93,
      "stddev_micros": 5.682619124136334,
      "message_rate": 34738.26454577982
    },
    {
      "trial_index": 2,
      "total_micros": 27485.7,
      "average_micros": 27.4857,
      "min_micros": 23.32,
      "max_micros": 48.489999999999995,
      "stddev_micros": 4.445275526893693,
      "message_rate": 36382.5552923884
    },
    {
      "trial_index": 3,
      "total_micros": 27917.7,
      "average_micros": 27.9177,
      "min_micros": 23.18,
      "max_micros": 60.42,
      "stddev_micros": 6.186223056922537,
      "message_rate": 35819.56966369006
    }
  ],
  "summary": {
    "total_micros": 84190.1,
    "average_micros": 28.063366666666667,
    "min_micros": 23.18,
    "max_micros": 60.42,
    "stddev_micros": 5.513623097887229,
    "message_rate": 35633.64338562373
  }
}
