{
  "method": "py-shared-memory-queue",
  "child_ready": true,
  "config": {
    "message_count": 1000,
    "message_size": 1024,
    "warmup_count": 100,
    "trials": 3,
    "output_format": "json",
    "role": "parent"
  },
  "trials": [
    {
      "trial_index": 1,
      "total_micros": 44298.7,
      "average_micros": 44.2987,
      "min_micros": 35.21,
      "max_micros": 70.95,
      "stddev_micros": 6.5613598674360185,
      "message_rate": 22574.02587434846
    },
    {
      "trial_index": 2,
      "total_micros": 43684.9,
      "average_micros": 43.6849,
      "min_micros": 34.85,
      "max_micros": 82.77000000000001,
      "stddev_micros": 8.689952070638826,
      "message_rate": 22891.204970138424
    },
    {
      "trial_index": 3,
      "total_micros": 47383.8,
      "average_micros": 47.3838,
      "min_micros": 35.17,
      "max_micros": 90.95,
      "stddev_micros": 9.901447649712642,
      "message_rate": 21104.259261604177
    }
  ],
  "summary": {
    "total_micros": 135367.4,
    "average_micros": 45.12246666666667,
    "min_micros": 34.85,
    "max_micros": 90.95,
    "stddev_micros": 8.649936295462272,
    "message_rate": 22161.908997291815
  }
}
