{
  "method": "py-shared-memory-events",
  "child_ready": true,
  "config": {
    "message_count": 1000,
    "message_size": 4096,
    "warmup_count": 100,
    "trials": 3,
    "output_format": "json",
    "role": "parent"
  },
  "trials": [
    {
      "trial_index": 1,
      "total_micros": 46773.2,
      "average_micros": 46.773199999999996,
      "min_micros": 41.9,
      "max_micros": 65.67999999999999,
      "stddev_micros": 4.43685741939044,
      "message_rate": 21379.764480514485
    },
    {
      "trial_index": 2,
      "total_micros": 46570.6,
      "average_micros": 46.5706,
      "min_micros": 41.32,
      "max_micros": 70.95,
      "stddev_micros": 5.153258739865484,
      "message_rate": 21472.77466899718
    },
    {
      "trial_index": 3,
      "total_micros": 47181.0,
      "average_micros": 47.181,
      "min_micros": 42.11,
      "max_micros": 69.06,
      "stddev_micros": 4.922314800985406,
      "message_rate": 21194.972552510546
    }
  ],
  "summary": {
    "total_micros": 140524.8,
    "average_micros": 46.84159999999999,
    "min_micros": 41.32,
    "max_micros": 70.95,
    "stddev_micros": 4.8533244386365375,
    "message_rate": 21348.544883180766
  }
}
