{
  "method": "py-shared-memory-queue",
  "child_ready": true,
  "config": {
    "message_count": 1000,
    "message_size": 16384,
    "warmup_count": 100,
    "trials": 3,
    "output_format": "json",
    "role": "parent"
  },
  "trials": [
    {
      "trial_index": 1,
      "total_micros": 47316.5,
      "average_micros": 47.3165,
      "min_micros": 39.21,
      "max_micros": 92.74,
      "stddev_micros": 8.301629764690786,
      "message_rate": 21134.276626546765
    },
    {
      "trial_index": 2,
      "total_micros": 46309.4,
      "average_micros": 46.309400000000004,
      "min_micros": 38.35,
      "max_micros": 80.26,
      "stddev_micros": 7.64457308422125,
      "message_rate": 21593.888065921823
    },
    {
      "trial_index": 3,
      "total_micros": 47598.8,
      "average_micros": 47.598800000000004,
      "min_micros": 38.14,
      "max_micros": 77.61,
      "stddev_micros": 8.440910647554563,
      "message_rate": 21008.93299831088
    }
  ],
  "summary": {
    "total_micros": 141224.7,
    "average_micros": 47.07490000000001,
    "min_micros": 38.14,
    "max_micros": 92.74,
    "stddev_micros": 8.155251048046692,
    "message_rate": 21242.74294794041
  }
}
