{
  "method": "rpc",
  "child_ready": true,
  "config": {
    "message_count": 1000,
    "message_size": 4096,
    "warmup_count": 100,
    "trials": 3,
    "output_format": "json",
    "role": "parent"
  },
  "trials": [
    {
      "trial_index": 1,
      "total_micros": 32663.200000000008,
      "average_micros": 32.66320000000001,
      "min_micros": 28.29,
      "max_micros": 70.14,
      "stddev_micros": 4.747927311996256,
      "message_rate": 30615.49388914741
    },
    {
      "trial_index": 2,
      "total_micros": 31836.399999999987,
      "average_micros": 31.836399999999987,
      "min_micros": 28.119999999999997,
      "max_micros": 42.260000000000005,
      "stddev_micros": 2.1466050032551407,
      "message_rate": 31410.586624115804
    },
    {
      "trial_index": 3,
      "total_micros": 32987.5,
      "average_micros": 32.9875,
      "min_micros": 29.240000000000002,
      "max_micros": 62.080000000000005,
      "stddev_micros": 4.06199344534183,
      "message_rate": 30314.51307313376
    }
  ],
  "summary": {
    "total_micros": 97487.09999999999,
    "average_micros": 32.4957,
    "min_micros": 28.119999999999997,
    "max_micros": 70.14,
    "stddev_micros": 3.845131880269735,
    "message_rate": 30773.302313844604
  }
}
