{
  "method": "rpc",
  "child_ready": true,
  "config": {
    "message_count": 1000,
    "message_size": 32704,
    "warmup_count": 100,
    "trials": 3,
    "output_format": "json",
    "role": "parent"
  },
  "trials": [
    {
      "trial_index": 1,
      "total_micros": 56655.400000000016,
      "average_micros": 56.655400000000014,
      "min_micros": 49.76,
      "max_micros": 92.42,
      "stddev_micros": 6.137936203643697,
      "message_rate": 17650.568171789444
    },
    {
      "trial_index": 2,
      "total_micros": 63410.20000000003,
      "average_micros": 63.41020000000003,
      "min_micros": 52.61,
      "max_micros": 103.30999999999999,
      "stddev_micros": 6.537721771381831,
      "message_rate": 15770.33347947175
    },
    {
      "trial_index": 3,
      "total_micros": 56684.40000000001,
      "average_micros": 56.68440000000001,
      "min_micros": 49.94,
      "max_micros": 98.13000000000001,
      "stddev_micros": 6.098095492856767,
      "message_rate": 17641.538059854207
    }
  ],
  "summary": {
    "total_micros": 176750.00000000006,
    "average_micros": 58.916666666666686,
    "min_micros": 49.76,
    "max_micros": 103.30999999999999,
    "stddev_micros": 7.02118267973582,
    "message_rate": 16973.12588401697
  }
}
