{
  "method": "shm-events",
  "child_ready": true,
  "config": {
    "message_count": 1000,
    "message_size": 16384,
    "warmup_count": 100,
    "trials": 3,
    "output_format": "json",
    "role": "parent"
  },
  "trials": [
    {
      "trial_index": 1,
      "total_micros": 10228.499999999998,
      "average_micros": 10.228499999999999,
      "min_micros": 9.47,
      "max_micros": 21.490000000000002,
      "stddev_micros": 1.4539679329338735,
      "message_rate": 97766.04585227552
    },
    {
      "trial_index": 2,
      "total_micros": 10570.300000000001,
      "average_micros": 10.570300000000001,
      "min_micros": 9.459999999999999,
      "max_micros": 14.819999999999999,
      "stddev_micros": 0.9764819045942428,
      "message_rate": 94604.6942849304
    },
    {
      "trial_index": 3,
      "total_micros": 10826.3,
      "average_micros": 10.8263,
      "min_micros": 9.49,
      "max_micros": 18.19,
      "stddev_micros": 1.0495614846210775,
      "message_rate": 92367.6602347986
    }
  ],
  "summary": {
    "total_micros": 31625.1,
    "average_micros": 10.541699999999999,
    "min_micros": 9.459999999999999,
    "max_micros": 21.490000000000002,
    "stddev_micros": 1.2040249623658144,
    "message_rate": 94861.36012218145
  }
}
