{
  "method": "shm-ring-hybrid",
  "child_ready": true,
  "config": {
    "message_count": 1000,
    "message_size": 1024,
    "warmup_count": 100,
    "trials": 3,
    "output_format": "json",
    "role": "parent"
  },
  "trials": [
    {
      "trial_index": 1,
      "total_micros": 339.80000000000007,
      "average_micros": 0.33980000000000005,
      "min_micros": 0.31999999999999995,
      "max_micros": 0.41999999999999993,
      "stddev_micros": 0.023493828976988824,
      "message_rate": 2942907.5927015888
    },
    {
      "trial_index": 2,
      "total_micros": 336.7,
      "average_micros": 0.3367,
      "min_micros": 0.31999999999999995,
      "max_micros": 0.9199999999999999,
      "stddev_micros": 0.06637853568737412,
      "message_rate": 2970002.97000297
    },
    {
      "trial_index": 3,
      "total_micros": 326.90000000000015,
      "average_micros": 0.32690000000000013,
      "min_micros": 0.31999999999999995,
      "max_micros": 0.33,
      "stddev_micros": 0.0046249324319389,
      "message_rate": 3059039.4616090534
    }
  ],
  "summary": {
    "total_micros": 1003.4000000000001,
    "average_micros": 0.3344666666666667,
    "min_micros": 0.31999999999999995,
    "max_micros": 0.9199999999999999,
    "stddev_micros": 0.04111020419420083,
    "message_rate": 2989834.562487542
  }
}
