{
  "method": "shm-semaphores",
  "child_ready": true,
  "config": {
    "message_count": 1000,
    "message_size": 4096,
    "warmup_count": 100,
    "trials": 3,
    "output_format": "json",
    "role": "parent"
  },
  "trials": [
    {
      "trial_index": 1,
      "total_micros": 9723.299999999997,
      "average_micros": 9.723299999999998,
      "min_micros": 8.35,
      "max_micros": 21.86,
      "stddev_micros": 1.9792069396604284,
      "message_rate": 102845.7416720661
    },
    {
      "trial_index": 2,
      "total_micros": 8757.399999999996,
      "average_micros": 8.757399999999995,
      "min_micros": 7.739999999999999,
      "max_micros": 11.879999999999999,
      "stddev_micros": 0.7848536424072963,
      "message_rate": 114189.14289629346
    },
    {
      "trial_index": 3,
      "total_micros": 8677.7,
      "average_micros": 8.677700000000002,
      "min_micros": 7.7299999999999995,
      "max_micros": 14.91,
      "stddev_micros": 1.1972884823633771,
      "message_rate": 115237.90866243359
    }
  ],
  "summary": {
    "total_micros": 27158.399999999994,
    "average_micros": 9.052799999999998,
    "min_micros": 7.7299999999999995,
    "max_micros": 21.86,
    "stddev_micros": 1.4882077005579561,
    "message_rate": 110463.06115235067
  }
}
