{
  "method": "shm-semaphores",
  "child_ready": true,
  "config": {
    "message_count": 1000,
    "message_size": 64,
    "warmup_count": 100,
    "trials": 3,
    "output_format": "json",
    "role": "parent"
  },
  "trials": [
    {
      "trial_index": 1,
      "total_micros": 8727.099999999997,
      "average_micros": 8.727099999999997,
      "min_micros": 6.85,
      "max_micros": 14.88,
      "stddev_micros": 1.7104860683443168,
      "message_rate": 114585.6011733566
    },
    {
      "trial_index": 2,
      "total_micros": 8517.800000000001,
      "average_micros": 8.517800000000001,
      "min_micros": 7.029999999999999,
      "max_micros": 11.75,
      "stddev_micros": 0.8011885920306155,
      "message_rate": 117401.20688440677
    },
    {
      "trial_index": 3,
      "total_micros": 8532.7,
      "average_micros": 8.5327,
      "min_micros": 7.0,
      "max_micros": 16.229999999999997,
      "stddev_micros": 1.197620019037758,
      "message_rate": 117196.19815533183
    }
  ],
  "summary": {
    "total_micros": 25777.6,
    "average_micros": 8.592533333333332,
    "min_micros": 6.85,
    "max_micros": 16.229999999999997,
    "stddev_micros": 1.294762880050071,
    "message_rate": 116380.11296629634
  }
}
