{
  "method": "shm-mailbox-hybrid",
  "child_ready": true,
  "config": {
    "message_count": 1000,
    "message_size": 32704,
    "warmup_count": 100,
    "trials": 3,
    "output_format": "json",
    "role": "parent"
  },
  "trials": [
    {
      "trial_index": 1,
      "total_micros": 5819.399999999998,
      "average_micros": 5.819399999999998,
      "min_micros": 4.18,
      "max_micros": 20.919999999999998,
      "stddev_micros": 3.556706853256254,
      "message_rate": 171839.02120493527
    },
    {
      "trial_index": 2,
      "total_micros": 4603.199999999998,
      "average_micros": 4.603199999999998,
      "min_micros": 4.14,
      "max_micros": 14.39,
      "stddev_micros": 1.2651821054694061,
      "message_rate": 217240.18074383045
    },
    {
      "trial_index": 3,
      "total_micros": 4373.099999999999,
      "average_micros": 4.373099999999999,
      "min_micros": 4.09,
      "max_micros": 6.0,
      "stddev_micros": 0.27513522130036355,
      "message_rate": 228670.7370057854
    }
  ],
  "summary": {
    "total_micros": 14795.699999999993,
    "average_micros": 4.931899999999998,
    "min_micros": 4.09,
    "max_micros": 20.919999999999998,
    "stddev_micros": 2.275558991398231,
    "message_rate": 202761.61317139448
  }
}
