{
  "method": "shm-ring-spin",
  "child_ready": true,
  "config": {
    "message_count": 1000,
    "message_size": 32704,
    "warmup_count": 100,
    "trials": 3,
    "output_format": "json",
    "role": "parent"
  },
  "trials": [
    {
      "trial_index": 1,
      "total_micros": 3556.3999999999987,
      "average_micros": 3.5563999999999987,
      "min_micros": 3.2199999999999998,
      "max_micros": 4.51,
      "stddev_micros": 0.3096498667850512,
      "message_rate": 281183.2189854911
    },
    {
      "trial_index": 2,
      "total_micros": 3434.5000000000005,
      "average_micros": 3.4345000000000003,
      "min_micros": 3.2199999999999998,
      "max_micros": 4.4,
      "stddev_micros": 0.27554083181989564,
      "message_rate": 291163.1969719027
    },
    {
      "trial_index": 3,
      "total_micros": 3471.7999999999993,
      "average_micros": 3.471799999999999,
      "min_micros": 3.21,
      "max_micros": 6.909999999999999,
      "stddev_micros": 0.43976671088203123,
      "message_rate": 288035.0250590472
    }
  ],
  "summary": {
    "total_micros": 10462.699999999999,
    "average_micros": 3.4875666666666665,
    "min_micros": 3.21,
    "max_micros": 6.909999999999999,
    "stddev_micros": 0.3526108509706163,
    "message_rate": 286732.8701004521
  }
}
