{
  "method": "shm-mailbox-spin",
  "child_ready": true,
  "config": {
    "message_count": 1000,
    "message_size": 64,
    "warmup_count": 100,
    "trials": 3,
    "output_format": "json",
    "role": "parent"
  },
  "trials": [
    {
      "trial_index": 1,
      "total_micros": 124.79999999999998,
      "average_micros": 0.12479999999999998,
      "min_micros": 0.1,
      "max_micros": 0.15,
      "stddev_micros": 0.010906878563548779,
      "message_rate": 8012820.512820515
    },
    {
      "trial_index": 2,
      "total_micros": 491.40000000000026,
      "average_micros": 0.4914000000000003,
      "min_micros": 0.1,
      "max_micros": 8.36,
      "stddev_micros": 0.8272521018407875,
      "message_rate": 2035002.035002034
    },
    {
      "trial_index": 3,
      "total_micros": 599.8,
      "average_micros": 0.5998,
      "min_micros": 0.53,
      "max_micros": 1.19,
      "stddev_micros": 0.0728145589837637,
      "message_rate": 1667222.4074691564
    }
  ],
  "summary": {
    "total_micros": 1216.0000000000002,
    "average_micros": 0.40533333333333343,
    "min_micros": 0.1,
    "max_micros": 8.36,
    "stddev_micros": 0.5207976787796029,
    "message_rate": 2467105.2631578944
  }
}
