{
  "method": "shm-ring-hybrid",
  "child_ready": true,
  "config": {
    "message_count": 1000,
    "message_size": 32704,
    "warmup_count": 100,
    "trials": 3,
    "output_format": "json",
    "role": "parent"
  },
  "trials": [
    {
      "trial_index": 1,
      "total_micros": 4155.399999999999,
      "average_micros": 4.155399999999998,
      "min_micros": 3.21,
      "max_micros": 13.37,
      "stddev_micros": 1.857641203246741,
      "message_rate": 240650.71954565155
    },
    {
      "trial_index": 2,
      "total_micros": 3857.9,
      "average_micros": 3.8579,
      "min_micros": 3.2299999999999995,
      "max_micros": 14.760000000000002,
      "stddev_micros": 1.3798270145202984,
      "message_rate": 259208.3776147645
    },
    {
      "trial_index": 3,
      "total_micros": 4839.699999999998,
      "average_micros": 4.839699999999998,
      "min_micros": 3.2199999999999998,
      "max_micros": 13.1,
      "stddev_micros": 2.7933862801266853,
      "message_rate": 206624.37754406274
    }
  ],
  "summary": {
    "total_micros": 12852.999999999996,
    "average_micros": 4.284333333333332,
    "min_micros": 3.21,
    "max_micros": 14.760000000000002,
    "stddev_micros": 2.1342181758719567,
    "message_rate": 233408.54275266483
  }
}
