{
  "method": "shm-semaphores",
  "child_ready": true,
  "config": {
    "message_count": 1000,
    "message_size": 32704,
    "warmup_count": 100,
    "trials": 3,
    "output_format": "json",
    "role": "parent"
  },
  "trials": [
    {
      "trial_index": 1,
      "total_micros": 14176.399999999996,
      "average_micros": 14.176399999999996,
      "min_micros": 12.99,
      "max_micros": 28.79,
      "stddev_micros": 2.206852292293257,
      "message_rate": 70539.77032250786
    },
    {
      "trial_index": 2,
      "total_micros": 13879.6,
      "average_micros": 13.8796,
      "min_micros": 12.79,
      "max_micros": 20.89,
      "stddev_micros": 1.2974397249968879,
      "message_rate": 72048.18582668088
    },
    {
      "trial_index": 3,
      "total_micros": 14239.099999999997,
      "average_micros": 14.239099999999997,
      "min_micros": 12.69,
      "max_micros": 35.18,
      "stddev_micros": 3.4196119940718432,
      "message_rate": 70229.15774171121
    }
  ],
  "summary": {
    "total_micros": 42295.09999999999,
    "average_micros": 14.098366666666664,
    "min_micros": 12.69,
    "max_micros": 35.18,
    "stddev_micros": 2.4712376788879613,
    "message_rate": 70930.20231658043
  }
}
