{
  "method": "shm-mailbox-hybrid",
  "child_ready": true,
  "config": {
    "message_count": 1000,
    "message_size": 16384,
    "warmup_count": 100,
    "trials": 3,
    "output_format": "json",
    "role": "parent"
  },
  "trials": [
    {
      "trial_index": 1,
      "total_micros": 2272.4,
      "average_micros": 2.2724,
      "min_micros": 2.07,
      "max_micros": 4.35,
      "stddev_micros": 0.2602810788359384,
      "message_rate": 440063.36912515404
    },
    {
      "trial_index": 2,
      "total_micros": 2168.7,
      "average_micros": 2.1687,
      "min_micros": 2.0599999999999996,
      "max_micros": 2.65,
      "stddev_micros": 0.09707373486170191,
      "message_rate": 461105.7315442431
    },
    {
      "trial_index": 3,
      "total_micros": 2150.9999999999986,
      "average_micros": 2.1509999999999985,
      "min_micros": 2.05,
      "max_micros": 3.6399999999999997,
      "stddev_micros": 0.15575942989109853,
      "message_rate": 464900.0464900049
    }
  ],
  "summary": {
    "total_micros": 6592.0999999999985,
    "average_micros": 2.197366666666666,
    "min_micros": 2.05,
    "max_micros": 4.35,
    "stddev_micros": 0.19151344310227664,
    "message_rate": 455090.18370473763
  }
}
