{
  "method": "shm-events",
  "child_ready": true,
  "config": {
    "message_count": 1000,
    "message_size": 4096,
    "warmup_count": 100,
    "trials": 3,
    "output_format": "json",
    "role": "parent"
  },
  "trials": [
    {
      "trial_index": 1,
      "total_micros": 9016.199999999997,
      "average_micros": 9.016199999999998,
      "min_micros": 8.32,
      "max_micros": 11.98,
      "stddev_micros": 0.5555839810505698,
      "message_rate": 110911.47046427545
    },
    {
      "trial_index": 2,
      "total_micros": 9169.600000000004,
      "average_micros": 9.169600000000004,
      "min_micros": 7.95,
      "max_micros": 18.59,
      "stddev_micros": 1.6210755195239985,
      "message_rate": 109056.0111673355
    },
    {
      "trial_index": 3,
      "total_micros": 8570.899999999996,
      "average_micros": 8.570899999999996,
      "min_micros": 7.889999999999999,
      "max_micros": 13.439999999999998,
      "stddev_micros": 1.1273074957614713,
      "message_rate": 116673.86155479593
    }
  ],
  "summary": {
    "total_micros": 26756.699999999997,
    "average_micros": 8.918899999999999,
    "min_micros": 7.889999999999999,
    "max_micros": 18.59,
    "stddev_micros": 1.2111706967503253,
    "message_rate": 112121.44995459082
  }
}
