{
  "method": "shm-semaphores",
  "child_ready": true,
  "config": {
    "message_count": 1000,
    "message_size": 1024,
    "warmup_count": 100,
    "trials": 3,
    "output_format": "json",
    "role": "parent"
  },
  "trials": [
    {
      "trial_index": 1,
      "total_micros": 8425.699999999999,
      "average_micros": 8.425699999999999,
      "min_micros": 7.08,
      "max_micros": 14.36,
      "stddev_micros": 0.9473555351609025,
      "message_rate": 118684.5009910156
    },
    {
      "trial_index": 2,
      "total_micros": 9221.3,
      "average_micros": 9.2213,
      "min_micros": 6.92,
      "max_micros": 18.94,
      "stddev_micros": 2.255181879583107,
      "message_rate": 108444.5793976988
    },
    {
      "trial_index": 3,
      "total_micros": 10140.499999999996,
      "average_micros": 10.140499999999996,
      "min_micros": 7.25,
      "max_micros": 31.27,
      "stddev_micros": 2.826183778525382,
      "message_rate": 98614.46674227112
    }
  ],
  "summary": {
    "total_micros": 27787.499999999996,
    "average_micros": 9.2625,
    "min_micros": 6.92,
    "max_micros": 31.27,
    "stddev_micros": 2.2688806528036385,
    "message_rate": 107962.21322537113
  }
}
