{
  "method": "shm-ring-hybrid",
  "child_ready": true,
  "config": {
    "message_count": 1000,
    "message_size": 16384,
    "warmup_count": 100,
    "trials": 3,
    "output_format": "json",
    "role": "parent"
  },
  "trials": [
    {
      "trial_index": 1,
      "total_micros": 1842.4000000000005,
      "average_micros": 1.8424000000000005,
      "min_micros": 1.6199999999999999,
      "max_micros": 3.25,
      "stddev_micros": 0.17076955232124966,
      "message_rate": 542770.2996092052
    },
    {
      "trial_index": 2,
      "total_micros": 1845.4000000000005,
      "average_micros": 1.8454000000000006,
      "min_micros": 1.67,
      "max_micros": 3.16,
      "stddev_micros": 0.16421583358495004,
      "message_rate": 541887.9375745094
    },
    {
      "trial_index": 3,
      "total_micros": 1820.5000000000005,
      "average_micros": 1.8205000000000005,
      "min_micros": 1.65,
      "max_micros": 2.67,
      "stddev_micros": 0.13505091632417762,
      "message_rate": 549299.642955232
    }
  ],
  "summary": {
    "total_micros": 5508.300000000001,
    "average_micros": 1.8361000000000003,
    "min_micros": 1.6199999999999999,
    "max_micros": 3.25,
    "stddev_micros": 0.157836803904117,
    "message_rate": 544632.645280758
  }
}
