{
  "method": "shm-events",
  "child_ready": true,
  "config": {
    "message_count": 1000,
    "message_size": 32704,
    "warmup_count": 100,
    "trials": 3,
    "output_format": "json",
    "role": "parent"
  },
  "trials": [
    {
      "trial_index": 1,
      "total_micros": 13912.600000000006,
      "average_micros": 13.912600000000007,
      "min_micros": 13.059999999999999,
      "max_micros": 22.4,
      "stddev_micros": 1.3763637745886803,
      "message_rate": 71877.29108865342
    },
    {
      "trial_index": 2,
      "total_micros": 14426.800000000007,
      "average_micros": 14.426800000000007,
      "min_micros": 13.05,
      "max_micros": 22.27,
      "stddev_micros": 1.5595408811570148,
      "message_rate": 69315.44070757198
    },
    {
      "trial_index": 3,
      "total_micros": 13992.899999999996,
      "average_micros": 13.992899999999995,
      "min_micros": 12.84,
      "max_micros": 26.380000000000003,
      "stddev_micros": 1.737737203952313,
      "message_rate": 71464.81429868007
    }
  ],
  "summary": {
    "total_micros": 42332.30000000001,
    "average_micros": 14.11076666666667,
    "min_micros": 12.84,
    "max_micros": 26.380000000000003,
    "stddev_micros": 1.5810666480435152,
    "message_rate": 70867.87157796763
  }
}
