{
  "method": "shm-events",
  "child_ready": true,
  "config": {
    "message_count": 1000,
    "message_size": 1024,
    "warmup_count": 100,
    "trials": 3,
    "output_format": "json",
    "role": "parent"
  },
  "trials": [
    {
      "trial_index": 1,
      "total_micros": 9166.4,
      "average_micros": 9.1664,
      "min_micros": 7.2,
      "max_micros": 19.85,
      "stddev_micros": 1.4046134842012592,
      "message_rate": 109094.08273695235
    },
    {
      "trial_index": 2,
      "total_micros": 9053.400000000001,
      "average_micros": 9.053400000000002,
      "min_micros": 7.4,
      "max_micros": 15.61,
      "stddev_micros": 0.9181287709248632,
      "message_rate": 110455.74038482779
    },
    {
      "trial_index": 3,
      "total_micros": 8653.300000000001,
      "average_micros": 8.653300000000002,
      "min_micros": 7.210000000000001,
      "max_micros": 13.669999999999998,
      "stddev_micros": 1.3810503647586496,
      "message_rate": 115562.84885534996
    }
  ],
  "summary": {
    "total_micros": 26873.100000000006,
    "average_micros": 8.957700000000003,
    "min_micros": 7.2,
    "max_micros": 19.85,
    "stddev_micros": 1.2739143260046963,
    "message_rate": 111635.79936814135
  }
}
