{
  "method": "shm-ring-hybrid",
  "child_ready": true,
  "config": {
    "message_count": 1000,
    "message_size": 4096,
    "warmup_count": 100,
    "trials": 3,
    "output_format": "json",
    "role": "parent"
  },
  "trials": [
    {
      "trial_index": 1,
      "total_micros": 655.1000000000003,
      "average_micros": 0.6551000000000002,
      "min_micros": 0.52,
      "max_micros": 1.35,
      "stddev_micros": 0.08646959003025285,
      "message_rate": 1526484.5061822617
    },
    {
      "trial_index": 2,
      "total_micros": 651.6000000000001,
      "average_micros": 0.6516000000000002,
      "min_micros": 0.52,
      "max_micros": 0.99,
      "stddev_micros": 0.06196321489399982,
      "message_rate": 1534683.8551258438
    },
    {
      "trial_index": 3,
      "total_micros": 650.5000000000001,
      "average_micros": 0.6505000000000001,
      "min_micros": 0.53,
      "max_micros": 2.5100000000000002,
      "stddev_micros": 0.19213732068497258,
      "message_rate": 1537279.0161414293
    }
  ],
  "summary": {
    "total_micros": 1957.2000000000003,
    "average_micros": 0.6524000000000001,
    "min_micros": 0.52,
    "max_micros": 2.5100000000000002,
    "stddev_micros": 0.12681314337770094,
    "message_rate": 1532801.9619865112
  }
}
