{
  "method": "shm-semaphores",
  "child_ready": true,
  "config": {
    "message_count": 1000,
    "message_size": 16384,
    "warmup_count": 100,
    "trials": 3,
    "output_format": "json",
    "role": "parent"
  },
  "trials": [
    {
      "trial_index": 1,
      "total_micros": 10490.4,
      "average_micros": 10.4904,
      "min_micros": 9.4,
      "max_micros": 14.26,
      "stddev_micros": 0.8623583014037729,
      "message_rate": 95325.24975215434
    },
    {
      "trial_index": 2,
      "total_micros": 10854.3,
      "average_micros": 10.854299999999999,
      "min_micros": 9.780000000000001,
      "max_micros": 14.45,
      "stddev_micros": 0.9007821656760305,
      "message_rate": 92129.38651041524
    },
    {
      "trial_index": 3,
      "total_micros": 10858.099999999999,
      "average_micros": 10.858099999999999,
      "min_micros": 9.55,
      "max_micros": 19.770000000000003,
      "stddev_micros": 1.3115278838057545,
      "message_rate": 92097.14406756248
    }
  ],
  "summary": {
    "total_micros": 32202.799999999996,
    "average_micros": 10.734266666666665,
    "min_micros": 9.4,
    "max_micros": 19.770000000000003,
    "stddev_micros": 1.058991562236871,
    "message_rate": 93159.60102848201
  }
}
