{
  "method": "shm-events",
  "child_ready": true,
  "config": {
    "message_count": 1000,
    "message_size": 64,
    "warmup_count": 100,
    "trials": 3,
    "output_format": "json",
    "role": "parent"
  },
  "trials": [
    {
      "trial_index": 1,
      "total_micros": 8723.7,
      "average_micros": 8.723700000000001,
      "min_micros": 7.140000000000001,
      "max_micros": 17.330000000000002,
      "stddev_micros": 1.5226067483102785,
      "message_rate": 114630.26009606014
    },
    {
      "trial_index": 2,
      "total_micros": 7725.900000000002,
      "average_micros": 7.725900000000002,
      "min_micros": 7.040000000000001,
      "max_micros": 10.780000000000001,
      "stddev_micros": 0.8610297265483928,
      "message_rate": 129434.75841002338
    },
    {
      "trial_index": 3,
      "total_micros": 8161.200000000003,
      "average_micros": 8.161200000000003,
      "min_micros": 7.0,
      "max_micros": 15.41,
      "stddev_micros": 1.7465825374141353,
      "message_rate": 122531.00034308677
    }
  ],
  "summary": {
    "total_micros": 24610.800000000003,
    "average_micros": 8.203600000000002,
    "min_micros": 7.0,
    "max_micros": 17.330000000000002,
    "stddev_micros": 1.4844474976681838,
    "message_rate": 121897.70344726705
  }
}
