{
  "method": "tcp-loopback",
  "child_ready": true,
  "config": {
    "message_count": 1000,
    "message_size": 16384,
    "warmup_count": 100,
    "trials": 3,
    "output_format": "json",
    "role": "parent"
  },
  "trials": [
    {
      "trial_index": 1,
      "total_micros": 25457.999999999996,
      "average_micros": 25.457999999999995,
      "min_micros": 21.94,
      "max_micros": 52.03000000000001,
      "stddev_micros": 5.3665849476179925,
      "message_rate": 39280.38337654176
    },
    {
      "trial_index": 2,
      "total_micros": 27369.2,
      "average_micros": 27.3692,
      "min_micros": 21.770000000000003,
      "max_micros": 45.269999999999996,
      "stddev_micros": 4.904177745555312,
      "message_rate": 36537.42162723061
    },
    {
      "trial_index": 3,
      "total_micros": 24778.600000000006,
      "average_micros": 24.778600000000004,
      "min_micros": 21.96,
      "max_micros": 37.589999999999996,
      "stddev_micros": 3.0004493063539655,
      "message_rate": 40357.405180276524
    }
  ],
  "summary": {
    "total_micros": 77605.8,
    "average_micros": 25.8686,
    "min_micros": 21.770000000000003,
    "max_micros": 52.03000000000001,
    "stddev_micros": 4.671273278240099,
    "message_rate": 38656.90450971448
  }
}
