{
  "method": "tcp-loopback",
  "child_ready": true,
  "config": {
    "message_count": 1000,
    "message_size": 1024,
    "warmup_count": 100,
    "trials": 3,
    "output_format": "json",
    "role": "parent"
  },
  "trials": [
    {
      "trial_index": 1,
      "total_micros": 19632.799999999992,
      "average_micros": 19.632799999999992,
      "min_micros": 17.55,
      "max_micros": 27.79,
      "stddev_micros": 2.008569680145551,
      "message_rate": 50935.16971598552
    },
    {
      "trial_index": 2,
      "total_micros": 20078.6,
      "average_micros": 20.078599999999998,
      "min_micros": 17.369999999999997,
      "max_micros": 45.41,
      "stddev_micros": 4.00314302017802,
      "message_rate": 49804.26922195771
    },
    {
      "trial_index": 3,
      "total_micros": 20243.200000000008,
      "average_micros": 20.24320000000001,
      "min_micros": 17.42,
      "max_micros": 42.35,
      "stddev_micros": 3.891688805647235,
      "message_rate": 49399.304457793216
    }
  ],
  "summary": {
    "total_micros": 59954.600000000006,
    "average_micros": 19.98486666666667,
    "min_micros": 17.369999999999997,
    "max_micros": 45.41,
    "stddev_micros": 3.435317595539345,
    "message_rate": 50037.86198223322
  }
}
