{
  "method": "tcp-loopback",
  "child_ready": true,
  "config": {
    "message_count": 1000,
    "message_size": 64,
    "warmup_count": 100,
    "trials": 3,
    "output_format": "json",
    "role": "parent"
  },
  "trials": [
    {
      "trial_index": 1,
      "total_micros": 18813.7,
      "average_micros": 18.8137,
      "min_micros": 17.029999999999998,
      "max_micros": 34.32,
      "stddev_micros": 2.634808021469497,
      "message_rate": 53152.75570461951
    },
    {
      "trial_index": 2,
      "total_micros": 19964.0,
      "average_micros": 19.964,
      "min_micros": 17.16,
      "max_micros": 36.709999999999994,
      "stddev_micros": 3.317547286776784,
      "message_rate": 50090.16229212583
    },
    {
      "trial_index": 3,
      "total_micros": 19516.199999999997,
      "average_micros": 19.516199999999998,
      "min_micros": 17.29,
      "max_micros": 43.31,
      "stddev_micros": 3.7387323466651092,
      "message_rate": 51239.48309609453
    }
  ],
  "summary": {
    "total_micros": 58293.899999999994,
    "average_micros": 19.431299999999997,
    "min_micros": 17.029999999999998,
    "max_micros": 43.31,
    "stddev_micros": 3.2964051091049673,
    "message_rate": 51463.360660377846
  }
}
