{
  "method": "tcp-loopback",
  "child_ready": true,
  "config": {
    "message_count": 1000,
    "message_size": 32704,
    "warmup_count": 100,
    "trials": 3,
    "output_format": "json",
    "role": "parent"
  },
  "trials": [
    {
      "trial_index": 1,
      "total_micros": 31706.3,
      "average_micros": 31.7063,
      "min_micros": 27.2,
      "max_micros": 51.2,
      "stddev_micros": 4.250989685943733,
      "message_rate": 31539.47322771815
    },
    {
      "trial_index": 2,
      "total_micros": 31252.899999999987,
      "average_micros": 31.252899999999986,
      "min_micros": 27.25,
      "max_micros": 64.61999999999999,
      "stddev_micros": 4.881396786781423,
      "message_rate": 31997.030675553324
    },
    {
      "trial_index": 3,
      "total_micros": 31162.900000000005,
      "average_micros": 31.162900000000004,
      "min_micros": 27.410000000000004,
      "max_micros": 46.62,
      "stddev_micros": 3.761373763666674,
      "message_rate": 32089.439686293634
    }
  ],
  "summary": {
    "total_micros": 94122.09999999999,
    "average_micros": 31.37403333333333,
    "min_micros": 27.2,
    "max_micros": 64.61999999999999,
    "stddev_micros": 4.328838650903444,
    "message_rate": 31873.491985410445
  }
}
