{
  "method": "udp-loopback",
  "child_ready": true,
  "config": {
    "message_count": 1000,
    "message_size": 4096,
    "warmup_count": 100,
    "trials": 3,
    "output_format": "json",
    "role": "parent"
  },
  "trials": [
    {
      "trial_index": 1,
      "total_micros": 19755.800000000007,
      "average_micros": 19.755800000000008,
      "min_micros": 17.259999999999998,
      "max_micros": 30.330000000000002,
      "stddev_micros": 2.3523809980528236,
      "message_rate": 50618.04634588322
    },
    {
      "trial_index": 2,
      "total_micros": 19959.19999999999,
      "average_micros": 19.95919999999999,
      "min_micros": 17.09,
      "max_micros": 39.17999999999999,
      "stddev_micros": 3.7007044410490284,
      "message_rate": 50102.20850535094
    },
    {
      "trial_index": 3,
      "total_micros": 19698.599999999995,
      "average_micros": 19.698599999999995,
      "min_micros": 17.15,
      "max_micros": 39.41,
      "stddev_micros": 3.0248762024254807,
      "message_rate": 50765.02898683157
    }
  ],
  "summary": {
    "total_micros": 59413.59999999999,
    "average_micros": 19.80453333333333,
    "min_micros": 17.09,
    "max_micros": 39.41,
    "stddev_micros": 3.0776779313126457,
    "message_rate": 50493.48970606057
  }
}
